Title,File,SHA256
Organic Void Signal #01,organic.void#01.png,f761f770b7df1d7608baa49880f37365abaeec4640cba90bc709a9db6974e4f2
Organic Void Signal #02,organic.void#02.png,9191a0c20a5c20119d837f9428fd9dcc151203e21999f662314ee38a212f6b5a
Organic Void Signal #03,organic.void#03.png,16a4a143961b6802743f14e2d77ace85ff41a12435f00b863b024840b783ea6f
Organic Void Signal #04,organic.void#04.png,d185fd2275af6ad3a160372ad57b8525114e340108fdda7af90540575e0cb94d
Organic Void Signal #05,organic.void#05.png,c10d9e361b35b30b331241a2d84ef7055da15ed3433328d8e3578d6cd33d462f
Organic Void Signal #06,organic.void#06.png,a9b802773e587c342dd9a1ecf1d5638b5f3662d9940b20b650869c882e0b9fb1
Organic Void Signal #07,organic.void#07.png,ea8e828e1e55c57d026ca9e6cfc3c35c61e1f0b258c20557905ed997b130003b
Organic Void Signal #08,organic.void#08.png,30881645f1506ce8f55e9d9348f36c9cad63d65a4c2a4baa5a7a8f1b9a288c72
Organic Void Signal #09,organic.void#09.png,4ca02b7a82503a67f6f5cde1218b107cee002d3bbf43f45dfb0a78f9c6825164
Organic Void Signal #10,organic.void#10.png,c65a4933ab5f0a9323b3a04c569aee76747a6969925b6bf597ab3b81b790c356
Organic Void Signal #11,organic.void#11.png,bd2d24ee15d3b115d61026b01a696d89eeee9c693158c3d5e84063415c8a7957
Organic Void Signal #12,organic.void#12.png,141bb037b061fd2100d808371869f8d19ac1ea9a5f19f289954e951fcf7c2e64